Contract,MonthlyCharges,Annual_Revenue_Loss
Month-to-month,120847.1,1450165.2000000002
One year,14118.45,169421.40000000002
Two year,4165.3,49983.600000000006
